{
    "loss": 11.556158065795898,
    "accuracy": 0.5035971403121948
}