{
    "loss": 27.305212020874023,
    "accuracy": 0.5179855823516846
}